ÝLÇE;ALAN;OKUL ADI;2022;2023;2024;2025 Tahmin
ÇANKAYA (MERKEZ);FEN BÝLÝMLERÝ ALANI (FEN LÝS.);Ankara Fen Lisesi;0.11;0.08;0.08;
ÇANKAYA (MERKEZ);FEN BÝLÝMLERÝ ALANI (FEN LÝS.);Prof. Dr. Aziz Sancar Fen Lisesi;1.27;0.53;0.29;
PURSAKLAR;FEN BÝLÝMLERÝ ALANI (FEN LÝS.);Ankara Pursaklar Fen Lisesi;0.59;0.41;0.33;
YENÝMAHALLE (MERKEZ);ANADOLU LÝSESÝ;Atatürk Anadolu Lisesi;0.96;0.84;0.91;
ELMADAÐ;HAVACILIK VE UZAY TEKNOLOJÝSÝ;Özdemir Bayraktar Havacýlýk ve Uzay Teknolojileri Mesleki ve Teknik Anadolu Lisesi;0;1.02;0.96;
ÇANKAYA (MERKEZ);FEN BÝLÝMLERÝ ALANI (FEN LÝS.);Cumhuriyet Fen Lisesi;1.31;1.02;1.09;
SÝNCAN (MERKEZ);FEN BÝLÝMLERÝ ALANI (FEN LÝS.);Ankara Erman Ilýcak Fen Lisesi;3.19;1.63;1.13;
KEÇÝÖREN (MERKEZ);FEN BÝLÝMLERÝ ALANI (FEN LÝS.);Keçiören Vatansever Þehit Tümgeneral Aydoðan Aydýn Fen Lisesi;1.42;1.44;1.31;
YENÝMAHALLE (MERKEZ);FEN BÝLÝMLERÝ ALANI (FEN LÝS.);Yenimahalle Fen Lisesi;2.13;1.71;1.52;
YENÝMAHALLE (MERKEZ);ELEKTRÝK-ELEKTRONÝK TEKNOLOJÝSÝ ALANI;ASELSAN Mesleki ve Teknik Anadolu Lisesi;2.67;2.05;1.73;
ETÝMESGUT (MERKEZ);FEN BÝLÝMLERÝ ALANI (FEN LÝS.);Özkent Akbilek Fen Lisesi;2.53;2.25;1.9;
YENÝMAHALLE (MERKEZ);MAKÝNE VE TASARIM TEKNOLOJÝSÝ ALANI;ASELSAN Mesleki ve Teknik Anadolu Lisesi;2.67;2.05;2.38;
ÇANKAYA (MERKEZ);ANADOLU LÝSESÝ;Ankara Atatürk Lisesi;3.19;2.86;2.46;
ÇANKAYA (MERKEZ);ANADOLU LÝSESÝ;Gazi Anadolu Lisesi;2.83;2.86;2.72;
ÇANKAYA (MERKEZ);ANADOLU LÝSESÝ;Mehmet Emin Resulzade Anadolu Lisesi;3.06;3.05;3.03;
ETÝMESGUT (MERKEZ);ANADOLU LÝSESÝ;Þehit Oðuzhan Yaþar Anadolu Lisesi;4.04;3.6;3.3;
ÇANKAYA (MERKEZ);ANADOLU LÝSESÝ;Dr.Binnaz Ege-Dr.Rýdvan Ege Anadolu Lisesi;3.83;3.6;3.49;
ÇANKAYA (MERKEZ);ANADOLU LÝSESÝ;Hacý Ömer Tarman Anadolu Lisesi;4.48;4.39;4.04;
YENÝMAHALLE (MERKEZ);ANADOLU LÝSESÝ;Nermin Mehmet Çekiç Anadolu Lisesi;4.92;4.48;4.2;
KEÇÝÖREN (MERKEZ);ANADOLU LÝSESÝ;Vecihi Hürkuþ Anadolu lisesi;5.25;4.73;4.29;
ÇANKAYA (MERKEZ);ANADOLU LÝSESÝ;Hacý Ömer Tarman Anadolu Lisesi;4.48;4.76;4.44;
YENÝMAHALLE (MERKEZ);FEN VE SOSYAL BÝLÝMLER PROGRAMI;Tevfik Ýleri Anadolu Ýmam Hatip Lisesi;5.77;4.54;4.77;
MAMAK (MERKEZ);FEN BÝLÝMLERÝ ALANI (FEN LÝS.);Mamak Fen Lisesi;5.36;4.84;4.96;
YENÝMAHALLE (MERKEZ);FEN VE SOSYAL BÝLÝMLER PROGRAMI;Tevfik Ýleri Anadolu Ýmam Hatip Lisesi;5.77;5.37;5.22;
ÇANKAYA (MERKEZ);ANADOLU LÝSESÝ;Ayrancý Anadolu Lisesi;5.95;5.51;5.31;
ETÝMESGUT (MERKEZ);ELEKTRÝK-ELEKTRONÝK TEKNOLOJÝSÝ ALANI;Cezeri Yeþil Teknoloji Mesleki ve Teknik Anadolu Lisesi;7.45;6.22;5.35;
SÝNCAN (MERKEZ);ANADOLU LÝSESÝ;Süleyman Demirel Anadolu Lisesi;6.52;5.93;6.15;
ÇANKAYA (MERKEZ);ANADOLU LÝSESÝ;Betül Can Anadolu Lisesi;6.09;6.2;6.17;
ALTINDAÐ (MERKEZ);FEN BÝLÝMLERÝ ALANI (FEN LÝS.);Altýndað Yýldýrým Beyazýt Fen Lisesi;6.35;0;6.18;
YENÝMAHALLE (MERKEZ);ANADOLU LÝSESÝ;Mustafa Azmi Doðan Anadolu Lisesi;7.25;6.8;6.47;
ETÝMESGUT (MERKEZ);YENÝLENEBÝLÝR ENERJÝ TEKNOLOJÝLERÝ ALANI;Cezeri Yeþil Teknoloji Mesleki ve Teknik Anadolu Lisesi;7.45;6.22;6.86;
ÇANKAYA (MERKEZ);ANADOLU LÝSESÝ;Ayhan Sümer Anadolu Lisesi;6.88;6.88;6.88;
KEÇÝÖREN (MERKEZ);ANADOLU LÝSESÝ;Aydýnlýkevler Anadolu Lisesi;7.31;7.02;7.04;
ALTINDAÐ (MERKEZ);ANADOLU LÝSESÝ;Ankara Lisesi;7.57;7.14;7.14;
ÇANKAYA (MERKEZ);ANADOLU LÝSESÝ;Ayrancý Anadolu Lisesi;7.18;5.51;7.16;
ÇANKAYA (MERKEZ);ANADOLU LÝSESÝ;Ümitköy Anadolu Lisesi;7.88;7.06;7.23;
ETÝMESGUT (MERKEZ);ANADOLU LÝSESÝ;Þehit Ömer Halisdemir Anadolu Lisesi;8.24;7.66;7.23;
KAHRAMANKAZAN;FEN BÝLÝMLERÝ ALANI (FEN LÝS.);Mustafa Hakan Güvençer Fen Lisesi;8.37;8.19;7.61;
SÝNCAN (MERKEZ);ANADOLU LÝSESÝ;Fatih Anadolu Lisesi;9.74;8.54;8.47;
YENÝMAHALLE (MERKEZ);FEN VE SOSYAL BÝLÝMLER PROGRAMI;Þehit Ömer Halisdemir Anadolu Ýmam Hatip Lisesi;10.87;9.22;8.7;
PURSAKLAR;ANADOLU LÝSESÝ;Pursaklar Ayyýldýz Anadolu Lisesi;8.63;8.54;8.74;
POLATLI;FEN BÝLÝMLERÝ ALANI (FEN LÝS.);Polatlý TOBB Fen Lisesi;8.75;8.38;8.77;
GÖLBAÞI;ANADOLU LÝSESÝ;Gölbaþý Anadolu Lisesi;8.93;9.2;8.85;
MAMAK (MERKEZ);ANADOLU LÝSESÝ;Yavuz Sultan Selim Anadolu Lisesi;9.07;9.06;8.92;
ÇUBUK;FEN BÝLÝMLERÝ ALANI (FEN LÝS.);Meliha Hasanali Bostan Çubuk Fen Lisesi;8.85;8.82;8.95;
ALTINDAÐ (MERKEZ);ANADOLU LÝSESÝ;Gazi Lisesi;0;10.82;9.65;
YENÝMAHALLE (MERKEZ);FEN VE TEKNOLOJÝ PROGRAMI;Þehit Cengiz Polat Anadolu Ýmam Hatip Lisesi;14.23;11.26;9.94;
ÇANKAYA (MERKEZ);SOSYAL BÝLÝMLER PROGRAMI;Ankara Türk Telekom Sosyal Bilimler Lisesi;10.78;10.29;10.09;
KEÇÝÖREN (MERKEZ);ANADOLU LÝSESÝ;Aktepe Þehit Köksal Kaþaltý Anadolu lisesi;12.06;11.33;10.25;
KIZILCAHAMAM;UÇAK BAKIM ALANI;TUSAÞ Þehit Hakan Gülþen Mesleki ve Teknik Anadolu Lisesi;14.52;11.95;10.78;
SÝNCAN (MERKEZ);FEN VE SOSYAL BÝLÝMLER PROGRAMI;Erkan - Volkan Yiðit Anadolu Ýmam Hatip Lisesi;13.97;11.51;11.26;
ELMADAÐ;FEN BÝLÝMLERÝ ALANI (FEN LÝS.);Hasanoðlan Atatürk Fen Lisesi;11.14;10.27;11.37;
MAMAK (MERKEZ);ANADOLU LÝSESÝ;Çaðrýbey Anadolu Lisesi;11.09;12.08;11.45;
BEYPAZARI;FEN BÝLÝMLERÝ ALANI (FEN LÝS.);Hatice-Cemil Ercan Fen Lisesi;12.94;11.69;11.5;
YENÝMAHALLE (MERKEZ);ELEKTRÝK-ELEKTRONÝK TEKNOLOJÝSÝ ALANI;Teknopark Ankara Ývedik OSB Mesleki ve Teknik Anadolu Lisesi;12.42;11.88;11.62;
YENÝMAHALLE (MERKEZ);BÝLÝÞÝM TEKNOLOJÝLERÝ ALANI;Teknopark Ankara Ývedik OSB Mesleki ve Teknik Anadolu Lisesi;12.42;16.91;11.95;
YENÝMAHALLE (MERKEZ);FEN VE TEKNOLOJÝ PROGRAMI;Þehit Cengiz Polat Anadolu Ýmam Hatip Lisesi;14.23;0;12.35;
KEÇÝÖREN (MERKEZ);SOSYAL BÝLÝMLER PROGRAMI;Keçiören Sosyal Bilimler Lisesi;11.08;12.34;12.94;
ÇANKAYA (MERKEZ);SOSYAL BÝLÝMLER PROGRAMI;Hasan Ali Yücel Sosyal Bilimler Lisesi;13.06;13.12;12.98;
ALTINDAÐ (MERKEZ);ANADOLU LÝSESÝ;Piri Reis Anadolu Lisesi;15.8;13.77;13.11;
MAMAK (MERKEZ);ANADOLU LÝSESÝ;Baþkent Anadolu Lisesi;13.46;13.66;13.32;
YENÝMAHALLE (MERKEZ);UÇAK BAKIM ALANI;Gazi Mesleki ve Teknik Anadolu Lisesi;13.66;14.02;13.97;
YENÝMAHALLE (MERKEZ);ELEKTRÝK-ELEKTRONÝK TEKNOLOJÝSÝ ALANI (SINAVLI);Teknopark Ankara Ývedik OSB Mesleki ve Teknik Anadolu Lisesi;12.42;16.91;14.11;
YENÝMAHALLE (MERKEZ);BÝLÝÞÝM TEKNOLOJÝLERÝ ALANI;Gazi Mesleki ve Teknik Anadolu Lisesi;13.66;16.98;14.13;
YENÝMAHALLE (MERKEZ);BÝLÝÞÝM TEKNOLOJÝLERÝ ALANI (SINAVLI);Teknopark Ankara Ývedik OSB Mesleki ve Teknik Anadolu Lisesi;12.42;16.91;14.38;
YENÝMAHALLE (MERKEZ);FEN VE SOSYAL BÝLÝMLER PROGRAMI;Batýkent Þehit Demet Sezen Kýz Anadolu Ýmam Hatip Lisesi;20.39;17.99;14.46;
ÞEREFLÝKOÇHÝSAR;FEN BÝLÝMLERÝ ALANI (FEN LÝS.);Yavuz Sultan Selim Fen Lisesi;14.78;14.87;15.15;
YENÝMAHALLE (MERKEZ);MOTORLU ARAÇLAR TEKNOLOJÝSÝ ALANI;Gazi Mesleki ve Teknik Anadolu Lisesi;13.66;16.98;15.37;
ETÝMESGUT (MERKEZ);ANADOLU LÝSESÝ;Sezai Karakoç Anadolu Lisesi;15.99;15.46;15.97;
YENÝMAHALLE (MERKEZ);HAFIZLIK PROJESÝ (Fen ve Sosyal Bilimler Programý);Tevfik Ýleri Anadolu Ýmam Hatip Lisesi;5.77;21.39;15.99;
KEÇÝÖREN (MERKEZ);FEN VE SOSYAL BÝLÝMLER PROGRAMI;Atatürk Anadolu Ýmam Hatip Lisesi;19.03;17.99;16.1;
ALTINDAÐ (MERKEZ);SOSYAL BÝLÝMLER PROGRAMI;Sabahattin Zaim Sosyal Bilimler Lisesi;17.94;18.82;16.63;
YENÝMAHALLE (MERKEZ);MAKÝNE VE TASARIM TEKNOLOJÝSÝ ALANI (SINAVLI);Teknopark Ankara Ývedik OSB Mesleki ve Teknik Anadolu Lisesi;12.42;18.15;16.64;
POLATLI;ANADOLU LÝSESÝ;Polatlý Anadolu Lisesi;18.33;17.13;16.97;
ÇUBUK;FEN VE SOSYAL BÝLÝMLER PROGRAMI;Þehit Ömer Takdemir Anadolu Ýmam Hatip Lisesi;18.7;20.27;17.71;
ETÝMESGUT (MERKEZ);BÝLÝÞÝM TEKNOLOJÝLERÝ ALANI;Elvanköy Borsa Ýstanbul Mesleki ve Teknik Anadolu Lisesi;18.87;18.15;18.3;
KALECÝK;FEN BÝLÝMLERÝ ALANI (FEN LÝS.);Mehmet Doðan Fen Lisesi;16.49;16.61;18.48;
ÇANKAYA (MERKEZ);FEN VE SOSYAL BÝLÝMLER PROGRAMI;Ümitköy Kýz Anadolu Ýmam Hatip Lisesi;40.88;38.16;18.68;
NALLIHAN;FEN BÝLÝMLERÝ ALANI (FEN LÝS.);Bilal Güngör Fen Lisesi;18.48;18.61;18.97;
YENÝMAHALLE (MERKEZ);BÝLÝÞÝM TEKNOLOJÝLERÝ ALANI;Yenimahalle Þehit Mehmet Þengül Mesleki ve Teknik Anadolu Lisesi;21.41;22.25;19.45;
ALTINDAÐ (MERKEZ);FEN VE SOSYAL BÝLÝMLER PROGRAMI;Altýndað Anadolu Ýmam Hatip Lisesi;20.68;20.33;19.79;
YENÝMAHALLE (MERKEZ);ELEKTRÝK-ELEKTRONÝK TEKNOLOJÝSÝ ALANI;Yenimahalle Þehit Mehmet Þengül Mesleki ve Teknik Anadolu Lisesi;21.41;22.25;19.85;
ÇUBUK;ANADOLU LÝSESÝ;Çubuk Yýldýrým Beyazýt Anadolu Lisesi;20.7;21.79;19.9;
ÇANKAYA (MERKEZ);FEN VE SOSYAL BÝLÝMLER PROGRAMI;Ümitköy Anadolu Ýmam Hatip Lisesi;37.25;22.73;19.94;
SÝNCAN (MERKEZ);ELEKTRÝK-ELEKTRONÝK TEKNOLOJÝSÝ ALANI;Fatih Mesleki ve Teknik Anadolu Lisesi;26.53;23.18;20.4;
KEÇÝÖREN (MERKEZ);SAÐLIK HÝZMETLERÝ ALANI;Keçiören Ýbn-i Sina Mesleki ve Teknik Anadolu Lisesi;18.97;21.13;20.99;
KEÇÝÖREN (MERKEZ);FEN VE SOSYAL BÝLÝMLER PROGRAMI;Þehit Ahmet Özsoy Kýz Anadolu Ýmam Hatip Lisesi;25.82;21.24;21.19;
YENÝMAHALLE (MERKEZ);MAKÝNE VE TASARIM TEKNOLOJÝSÝ ALANI;Yenimahalle Þehit Mehmet Þengül Mesleki ve Teknik Anadolu Lisesi;21.41;19.96;21.35;
PURSAKLAR;FEN VE SOSYAL BÝLÝMLER PROGRAMI;Pursaklar Anadolu Ýmam Hatip Lisesi;24.52;23.32;21.45;
ALTINDAÐ (MERKEZ);FEN VE SOSYAL BÝLÝMLER PROGRAMI;Ankara Kýz Anadolu Ýmam Hatip Lisesi;32.31;25.92;22.58;
GÜDÜL;FEN BÝLÝMLERÝ ALANI (FEN LÝS.);Hasan Hüseyin Akdede Fen Lisesi;21.2;21.6;23.14;
AKYURT;ANADOLU LÝSESÝ;Yýldýrým Beyazýt Anadolu Lisesi;23.47;25.64;23.21;
GÖLBAÞI;FEN VE SOSYAL BÝLÝMLER PROGRAMI;Þehit Sebahattin Koçak Kýz Anadolu Ýmam Hatip Lisesi;49.14;42.97;23.34;
MAMAK (MERKEZ);FEN VE SOSYAL BÝLÝMLER PROGRAMI;Mamak Anadolu Ýmam Hatip Lisesi;28.49;25.62;24.03;
ELMADAÐ;ANADOLU LÝSESÝ;Gazi Þahin Anadolu Lisesi;25.77;24.13;25.6;
KEÇÝÖREN (MERKEZ);FEN VE SOSYAL BÝLÝMLER PROGRAMI;Mustafa Asým Köksal Anadolu Ýmam Hatip Lisesi;33.09;30.45;26;
YENÝMAHALLE (MERKEZ);YENÝLENEBÝLÝR ENERJÝ TEKNOLOJÝLERÝ ALANI;Þehit Murat Üçöz Mesleki ve Teknik Anadolu Lisesi;0;26.43;26.15;
YENÝMAHALLE (MERKEZ);PLASTÝK TEKNOLOJÝSÝ ALANI (SINAVLI);Teknopark Ankara Ývedik OSB Mesleki ve Teknik Anadolu Lisesi;12.42;11.49;26.54;
YENÝMAHALLE (MERKEZ);FEN VE SOSYAL BÝLÝMLER PROGRAMI;Uluslararasý Prof.Dr.Muhammed Hamidullah Anadolu Ýmam Hatip Lisesi;26.05;25.34;26.89;
MAMAK (MERKEZ);SAÐLIK HÝZMETLERÝ ALANI;Prof. Dr. Raðýp Üner Mesleki ve Teknik Anadolu Lisesi;27.3;27.02;27.77;
YENÝMAHALLE (MERKEZ);FEN VE SOSYAL BÝLÝMLER PROGRAMI;Batýkent Þehit Demet Sezen Kýz Anadolu Ýmam Hatip Lisesi;20.39;17.99;28.01;
YENÝMAHALLE (MERKEZ);BÝLÝÞÝM TEKNOLOJÝLERÝ ALANI (SINAVLI);Yenimahalle Zeynep-Salih Alp Mesleki ve Teknik Anadolu Lisesi;48.05;48.55;28.63;
POLATLI;MAKÝNE VE TASARIM TEKNOLOJÝSÝ ALANI;Polatlý Mesleki ve Teknik Anadolu Lisesi;35.29;34.65;31.29;
SÝNCAN (MERKEZ);FEN VE SOSYAL BÝLÝMLER PROGRAMI;Sincan Anadolu Ýmam Hatip Lisesi;29.71;31.91;31.58;
YENÝMAHALLE (MERKEZ);MAKÝNE VE TASARIM TEKNOLOJÝSÝ ALANI;Ostim Þehit Alper Zor Mesleki ve Teknik Anadolu Lisesi;40.81;35.24;31.88;
KEÇÝÖREN (MERKEZ);ELEKTRÝK-ELEKTRONÝK TEKNOLOJÝSÝ ALANI;Kanuni Mesleki ve Teknik Anadolu Lisesi;34.74;30.96;31.89;
KIZILCAHAMAM;FEN VE SOSYAL BÝLÝMLER PROGRAMI;Bizim Anadolu Vakfý Gürcan Kýz Anadolu Ýmam Hatip Lisesi;0;0;32.01;
SÝNCAN (MERKEZ);MAKÝNE VE TASARIM TEKNOLOJÝSÝ ALANI;Þehit Özgür Can Ýnce Mesleki ve Teknik Anadolu Lisesi;41.24;38.2;33.42;
ÇANKAYA (MERKEZ);FEN VE SOSYAL BÝLÝMLER PROGRAMI;Özel Harekat Þehitleri Anadolu Ýmam Hatip Lisesi;53.26;41.14;33.87;
KEÇÝÖREN (MERKEZ);FEN VE SOSYAL BÝLÝMLER PROGRAMI;Keçiören Anadolu Ýmam Hatip Lisesi;34.85;36.46;34.52;
GÖLBAÞI;FEN VE SOSYAL BÝLÝMLER PROGRAMI;Uluslararasý Millî Ýrade Kýz Anadolu Ýmam Hatip Lisesi;66.01;42.89;34.89;
YENÝMAHALLE (MERKEZ);FEN VE SOSYAL BÝLÝMLER PROGRAMI;Demetevler Kýz Anadolu Ýmam Hatip Lisesi;26.32;33.95;34.99;
KEÇÝÖREN (MERKEZ);BÝLÝÞÝM TEKNOLOJÝLERÝ ALANI;Keçiören Borsa Ýstanbul Mesleki ve Teknik Anadolu Lisesi;38.06;34.97;35.18;
SÝNCAN (MERKEZ);MOTORLU ARAÇLAR TEKNOLOJÝSÝ ALANI;Þehit Özgür Can Ýnce Mesleki ve Teknik Anadolu Lisesi;41.24;38.2;35.98;
ÇUBUK;ELEKTRÝK-ELEKTRONÝK TEKNOLOJÝSÝ ALANI;Fatih Sultan Mehmet Mesleki ve Teknik Anadolu Lisesi;48.89;47.5;37.17;
ALTINDAÐ (MERKEZ);FEN VE SOSYAL BÝLÝMLER PROGRAMI;Mahir Ýz Anadolu Ýmam Hatip Lisesi;43.66;41.88;37.92;
ALTINDAÐ (MERKEZ);ENDÜSTRÝYEL OTOMASYON TEKNOLOJÝLERÝ ALANI;Ýskitler Mesleki ve Teknik Anadolu Lisesi;57.6;50.83;37.95;
PURSAKLAR;ULAÞTIRMA HÝZMETLERÝ ALANI;Güzide Ülker Mesleki ve Teknik Anadolu Lisesi;40.56;39.5;39.18;
SÝNCAN (MERKEZ);ADALET ALANI;Þehit Erdal Koçak Mesleki ve Teknik Anadolu Lisesi;37.32;40.23;40.41;
ÇANKAYA (MERKEZ);HARÝTA-TAPU-KADASTRO ALANI;Tapu Kadastro Mesleki ve Teknik Anadolu Lisesi;37.37;39.37;40.94;
MAMAK (MERKEZ);MAKÝNE VE TASARIM TEKNOLOJÝSÝ ALANI;Abidinpaþa Mesleki ve Teknik Anadolu Lisesi;36.69;43.24;43.19;
MAMAK (MERKEZ);BÝYOMEDÝKAL CÝHAZ TEKNOLOJÝLERÝ ALANI;Abidinpaþa Mesleki ve Teknik Anadolu Lisesi;36.69;43.24;43.71;
ALTINDAÐ (MERKEZ);ELEKTRÝK-ELEKTRONÝK TEKNOLOJÝSÝ ALANI;Ulus Mesleki ve Teknik Anadolu Lisesi;51.73;48.64;44.54;
ALTINDAÐ (MERKEZ);ADALET ALANI;Ankara Mesleki ve Teknik Anadolu Lisesi;41.91;43.59;44.58;
KIZILCAHAMAM;FEN VE SOSYAL BÝLÝMLER PROGRAMI;Þehit Zekeriya Yurdakul Anadolu Ýmam Hatip Lisesi;89.76;89.63;44.59;
GÖLBAÞI;AÝHL ÇOCUK GELÝÞÝMÝ VE EÐÝTÝMÝ PROGRAMI;Þehit Sebahattin Koçak Kýz Anadolu Ýmam Hatip Lisesi;49.14;42.97;44.66;
ÞEREFLÝKOÇHÝSAR;FEN VE SOSYAL BÝLÝMLER PROGRAMI;Þereflikoçhisar Anadolu Ýmam Hatip Lisesi;74.95;64.74;46.49;
AKYURT;FEN VE SOSYAL BÝLÝMLER PROGRAMI;Muhammed Hamdi Yazýr Anadolu Ýmam Hatip Lisesi;97.82;0;46.57;
POLATLI;FEN VE SOSYAL BÝLÝMLER PROGRAMI;Polatlý Anadolu Ýmam Hatip Lisesi;38.28;42.8;47.08;
YENÝMAHALLE (MERKEZ);GRAFÝK VE FOTOÐRAF ALANI;Yenimahalle Zeynep-Salih Alp Mesleki ve Teknik Anadolu Lisesi;48.05;48.55;47.09;
ÇANKAYA (MERKEZ);ELEKTRÝK-ELEKTRONÝK TEKNOLOJÝSÝ ALANI;Balgat Mesleki ve Teknik Anadolu Lisesi;52.48;47.93;48.47;
GÖLBAÞI;ELEKTRÝK-ELEKTRONÝK TEKNOLOJÝSÝ ALANI;Gölbaþý Mesleki ve Teknik Anadolu Lisesi;52.18;51.13;49.65;
YENÝMAHALLE (MERKEZ);YÝYECEK ÝÇECEK HÝZMETLERÝ ALANI (SINAVLI);Yenimahalle Zeynep-Salih Alp Mesleki ve Teknik Anadolu Lisesi;48.05;48.55;50.99;
YENÝMAHALLE (MERKEZ);KÝMYA TEKNOLOJÝSÝ ALANI;Mehmet Rüþtü Uzel Mesleki ve Teknik Anadolu Lisesi;62.8;57.42;51.76;
KEÇÝÖREN (MERKEZ);MAKÝNE VE TASARIM TEKNOLOJÝSÝ ALANI;Þehit Mehmet Karakaþoðlu Mesleki ve Teknik Anadolu Lisesi;52.26;49.93;52.5;
ALTINDAÐ (MERKEZ);YÝYECEK ÝÇECEK HÝZMETLERÝ ALANI (SINAVLI);Atatürk Mesleki ve Teknik Anadolu Lisesi;55.43;56.25;54.43;
MAMAK (MERKEZ);YENÝLENEBÝLÝR ENERJÝ TEKNOLOJÝLERÝ ALANI;Ege Mesleki ve Teknik Anadolu Lisesi;0;52.63;54.85;
SÝNCAN (MERKEZ);MAKÝNE VE TASARIM TEKNOLOJÝSÝ ALANI (SINAVLI);Baþkent OSB Mesleki ve Teknik Anadolu Lisesi;0;51.97;55.52;
AKYURT;FEN VE SOSYAL BÝLÝMLER PROGRAMI;Akyurt Þükrü Acar Anadolu Ýmam Hatip Lisesi;33.51;87.47;56.28;
KEÇÝÖREN (MERKEZ);ÇOCUK GELÝÞÝMÝ VE EÐÝTÝMÝ ALANI (SINAVLI);Kalaba Kýz Mesleki ve Teknik Anadolu Lisesi;0;0;57.35;
ÇANKAYA (MERKEZ);LABORATUVAR HÝZMETLERÝ ALANI;Borsa Ýstanbul Mehmet Akif Ersoy Mesleki ve Teknik Anadolu Lisesi;43.19;48.96;60.31;
ÇANKAYA (MERKEZ);ENDÜSTRÝYEL OTOMASYON TEKNOLOJÝLERÝ ALANI;Balgat Mesleki ve Teknik Anadolu Lisesi;52.48;47.93;60.32;
PURSAKLAR;ÇOCUK GELÝÞÝMÝ VE EÐÝTÝMÝ ALANI;Pursaklar Kýz Mesleki ve Teknik Anadolu Lisesi;0;0;60.62;
BEYPAZARI;ELEKTRÝK-ELEKTRONÝK TEKNOLOJÝSÝ ALANI (SINAVLI);Beypazarý Fatih Mesleki ve Teknik Anadolu Lisesi;62.62;65.64;61.23;
MAMAK (MERKEZ);ENDÜSTRÝYEL OTOMASYON TEKNOLOJÝLERÝ ALANI;Ege Mesleki ve Teknik Anadolu Lisesi;0;52.63;61.64;
KEÇÝÖREN (MERKEZ);MUHASEBE VE FÝNANSMAN ALANI;Aydýnlýkevler Mesleki ve Teknik Anadolu Lisesi;47.3;49.48;62.4;
ÇANKAYA (MERKEZ);RADYO-TELEVÝZYON ALANI;Türk Telekom Mesleki ve Teknik Anadolu Lisesi;40.68;39.4;63.63;
BEYPAZARI;FEN VE SOSYAL BÝLÝMLER PROGRAMI;Beypazarý Þehit Sefa Tiftik Anadolu Ýmam Hatip Lisesi;92.87;96.22;63.67;
KEÇÝÖREN (MERKEZ);FEN VE SOSYAL BÝLÝMLER PROGRAMI;Baðlum Þehit Yakup Çapat Anadolu Ýmam Hatip Lisesi;83.36;84.4;67.31;
SÝNCAN (MERKEZ);MUHASEBE VE FÝNANSMAN ALANI (SINAVLI);Sincan Ahmet Andiçen Mesleki ve Teknik Anadolu Lisesi;0;65.35;68.05;
KAHRAMANKAZAN;FEN VE SOSYAL BÝLÝMLER PROGRAMI;Kahramankazan Kýz Anadolu Ýmam Hatip Lisesi;60.79;61.72;68.36;
ALTINDAÐ (MERKEZ);MAKÝNE VE TASARIM TEKNOLOJÝSÝ ALANI;Altýndað Mesleki ve Teknik Anadolu Lisesi;74.53;69.53;68.97;
GÖLBAÞI;YÝYECEK ÝÇECEK HÝZMETLERÝ ALANI (SINAVLI);Mogan Mesleki ve Teknik Anadolu Lisesi;74.86;63.66;69.32;
ÇANKAYA (MERKEZ);YÝYECEK ÝÇECEK HÝZMETLERÝ ALANI (SINAVLI);Çankaya Borsa Ýstanbul Mesleki ve Teknik Anadolu Lisesi;99.7;81.34;69.76;
GÖLBAÞI;KONAKLAMA VE SEYAHAT HÝZMETLERÝ ALANI (SINAVLI);Mogan Mesleki ve Teknik Anadolu Lisesi;74.86;63.66;70.07;
YENÝMAHALLE (MERKEZ);HARÝTA-TAPU-KADASTRO ALANI;Mimar Sinan Mesleki ve Teknik Anadolu Lisesi;44.19;46.8;71.61;
ETÝMESGUT (MERKEZ);FEN VE SOSYAL BÝLÝMLER PROGRAMI;Baðlýca Þehit Kalender Özdemir Anadolu Ýmam Hatip Lisesi;61.53;57.33;74.79;
YENÝMAHALLE (MERKEZ);RADYO-TELEVÝZYON ALANI (SINAVLI);Yenimahalle Zeynep-Salih Alp Mesleki ve Teknik Anadolu Lisesi;48.05;48.55;75.79;
MAMAK (MERKEZ);ELEKTRÝK-ELEKTRONÝK TEKNOLOJÝSÝ ALANI;Türközü Oðuzhan Mesleki ve Teknik Anadolu Lisesi;80.89;82.27;76.56;
GÖLBAÞI;FEN VE SOSYAL BÝLÝMLER PROGRAMI;Mehmet Akif Ersoy Anadolu Ýmam Hatip Lisesi;55.34;59.8;79.68;
AYAÞ;FEN VE SOSYAL BÝLÝMLER PROGRAMI;Abdülhamid Han Anadolu Ýmam Hatip Lisesi;83.61;71.07;80.02;
NALLIHAN;TARIM ALANI;Nallýhan Fettah Güngör Mesleki ve Teknik Anadolu Lisesi;72.73;90.71;80.8;
YENÝMAHALLE (MERKEZ);ELEKTRÝK-ELEKTRONÝK TEKNOLOJÝSÝ ALANI;Çiðdemtepe Þehit Mehmet Coþkun Kýlýç Mesleki ve Teknik Anadolu Lisesi;80.45;74.91;83.01;
MAMAK (MERKEZ);ELEKTRÝK-ELEKTRONÝK TEKNOLOJÝSÝ ALANI;Battalgazi Mesleki ve Teknik Anadolu Lisesi;77.6;72.45;86.82;
MAMAK (MERKEZ);FEN VE SOSYAL BÝLÝMLER PROGRAMI;Þehit Nuri Pamir Anadolu Ýmam Hatip Lisesi;98.96;91.18;87.49;
NALLIHAN;ELEKTRÝK-ELEKTRONÝK TEKNOLOJÝSÝ ALANI;Nallýhan Fettah Güngör Mesleki ve Teknik Anadolu Lisesi;72.73;90.71;89.09;
ELMADAÐ;FEN VE SOSYAL BÝLÝMLER PROGRAMI;Elmadað Anadolu Ýmam Hatip Lisesi;82.66;94.84;89.21;
ETÝMESGUT (MERKEZ);FEN VE SOSYAL BÝLÝMLER PROGRAMI;Eryaman Þehit Okan Koç Anadolu Ýmam Hatip Lisesi;94.19;80.31;90.34;
YENÝMAHALLE (MERKEZ);ÝNÞAAT TEKNOLOJÝSÝ ALANI;Mimar Sinan Mesleki ve Teknik Anadolu Lisesi;44.19;46.8;91.23;
AKYURT;HAFIZLIK PROJESÝ (Ýlahiyat Odaklý Program);Muhammed Hamdi Yazýr Anadolu Ýmam Hatip Lisesi;97.82;0;91.65;
ALTINDAÐ (MERKEZ);FEN VE SOSYAL BÝLÝMLER PROGRAMI;Yýldýrým Beyazýt Anadolu Ýmam Hatip Lisesi;92.95;87.71;91.96;
GÖLBAÞI;TARIM ALANI;Karaali Mesleki ve Teknik Anadolu Lisesi;0;87.04;93.16;
ÇANKAYA (MERKEZ);FEN VE SOSYAL BÝLÝMLER PROGRAMI;Nurten Uþan Anadolu Ýmam Hatip Lisesi;77.43;90.14;93.29;
MAMAK (MERKEZ);FEN VE SOSYAL BÝLÝMLER PROGRAMI;Osman Yüksel Serdengeçti Kýz Anadolu Ýmam Hatip Lisesi;0;83.6;93.61;
BEYPAZARI;FEN VE SOSYAL BÝLÝMLER PROGRAMI;Þehit Hacý Kazým Ozan Kýz Anadolu Ýmam Hatip Lisesi;96.74;94.94;95.73;
HAYMANA;FEN VE SOSYAL BÝLÝMLER PROGRAMI;Haymana Anadolu Ýmam Hatip Lisesi;91.5;97.64;96.21;
KEÇÝÖREN (MERKEZ);BÝYOMEDÝKAL CÝHAZ TEKNOLOJÝLERÝ ALANI;Baðlum Þehit Oðuz Kaan Usta Mesleki ve Teknik Anadolu Lisesi;76.8;97.64;97.37;
NALLIHAN;LABORATUVAR HÝZMETLERÝ ALANI;Nallýhan Þehit Hulki Beydili Mesleki ve Teknik Anadolu Lisesi;89.77;96.75;97.61;
YENÝMAHALLE (MERKEZ);GAZETECÝLÝK ALANI;Batýkent Þevket Evliyagil Mesleki ve Teknik Anadolu Lisesi;0;91.28;97.62;
KAHRAMANKAZAN;FEN VE SOSYAL BÝLÝMLER PROGRAMI;Kahramankazan Fuat Erkmen Anadolu Ýmam Hatip Lisesi;89.29;89.63;97.68;
POLATLI;TARIM ALANI;Polatlý Þehit Can Çalýþkan Mesleki ve Teknik Anadolu Lisesi;95.43;95.23;97.7;
ALTINDAÐ (MERKEZ);GIDA TEKNOLOJÝSÝ ALANI;Atatürk Mesleki ve Teknik Anadolu Lisesi;55.43;56.25;98.26;
YENÝMAHALLE (MERKEZ);KONAKLAMA VE SEYAHAT HÝZMETLERÝ ALANI (SINAVLI);Ankara Mesleki ve Teknik Anadolu Lisesi;99.44;43.59;99.22;
ÇANKAYA (MERKEZ);KONAKLAMA VE SEYAHAT HÝZMETLERÝ ALANI (SINAVLI);Çankaya Borsa Ýstanbul Mesleki ve Teknik Anadolu Lisesi;99.7;81.34;99.63;
YENÝMAHALLE (MERKEZ);YÝYECEK ÝÇECEK HÝZMETLERÝ ALANI (SINAVLI);Ankara Mesleki ve Teknik Anadolu Lisesi;99.44;43.59;99.71;
KALECÝK;TARIM ALANI;Kalecik Þehit Mehmet Yýldýrým Mesleki ve Teknik Anadolu Lisesi;97.73;80.79;99.84;
